0,1,2,3,4,5,6,7,8,9,10,11,12,13,14,15,16,17,18,19,20,21,22,23,24,25,26,27,28,29,30,31,32,33,34,35,36,37,38,39,40,41,42,43,44,45,46,47,48,49,50,51,52,53,54,55,56,57,58,59,60,61,62,63,64,65,66,67,68,69,70,71,72,73,74,75,76,77,78,79,80,81,82,83,84,85,86,87,88,89,90,91,92,93,94,95,96,97,98,99,100,101,102,103,104,105,106,107,108,109,110,111,112,113,114,115,116,117,118,119,120,121,122,123,124,125,126,127,128,129,130,131,132,133,134,135,136,137,138,139,140,141,142,143,144,145,146,147,148,149
132.70130251280966,149.69092888951775,157.2936177982252,163.0434886922167,169.21373838529036,177.12772280279233,189.5408549602477,206.35366012677127,222.39159961485078,232.04868314147637,234.46364866557312,232.56860018049397,226.8312386695192,218.69909464300363,212.8798827386827,210.23989702791593,208.44589460441952,207.58869113769092,205.07509753003922,198.18048523404067,188.52352283819494,181.83886545267413,181.46269591083237,183.7378153261564,187.04988529717392,188.37341942082932,189.18455711305683,187.94803859534963,185.12189207534647,182.64416865655525,161.56863966841806,122.48380333489139,122.84861327892663,125.85198347823041,125.7760106636049,123.67722536266811,120.63166086228739,120.28193965488092,122.51316461119117,125.89775498760616,128.4500345423757,132.67361917962216,138.52840876963322,144.33164807951508,149.48373062627368,147.85228651100368,150.15815426662792,148.43128055900777,150.13579155805232,152.0935735945367,155.1604997617871,161.7068207487567,168.83114813665756,176.31679293051585,180.22736834118444,185.00754199775827,188.96531157986584,194.80886059041126,200.2181046775636,206.42596460688577,211.28985464435328,215.30816382103453,218.7174886544379,220.82170463799062,223.4363414233277,225.01350422980704,226.65958111207937,228.0413171124805,225.51807804811676,228.15906520285992,231.91863026043183,230.2326112987963,232.67506437497929,234.88174315125462,241.25945847572473,246.67892170007121,252.4013373712242,260.2854799419811,265.4291557179536,271.48804245436327,274.277621649279,278.0900696848373,283.4898967492065,288.72200205448405,294.6009281969773,299.62398385645844,303.77268964863134,306.6941597061436,308.5844998816843,312.76849827870177,317.4309594819295,321.0306534895233,324.0886016731103,326.5804826539948,327.22343902553587,328.2999766448836,330.37676037619315,330.8534908550376,332.1739742178204,330.8548424132649,330.78759537412446,329.74123392562905,323.2330349142382,323.4347917220233,319.6814027193808,314.6945040818119,309.76963654780457,305.247198577585,295.69645265157976,291.3045103803931,279.9523725763936,259.0719875819821,252.93885255983707,237.780232917472,228.6073660282828,220.38472276856996,208.29615422988928,197.28547936087938,189.8259183066225,182.3555715226531,171.8210693449973,155.3754320575828,147.26125287450603,147.1369423202577,140.4638874079961,130.42587343674376,129.0619459887607,129.2790885382526,121.70437693777426,121.33099002847197,112.49022178276395,112.68917765286442,106.29192085013287,104.2982265250568,104.2115333950476,91.9876798779955,89.15798611469557,84.61765863681502,75.38048785039233,75.75605123422687,71.99854036978729,71.36605763983084,70.13697514440496,70.00399376718924,59.43986904879562,52.87014989766639,52.683012236032376,52.586153203969026,52.929836730529615,52.70373774998234
35.01887949304449,38.88060311700382,36.73467939900644,36.98297025167518,37.09708182818055,38.588944740531026,40.67225652075445,40.144536307191935,38.44300130717992,38.727364179179325,40.77827456948215,43.22288155215391,43.172196935324806,42.52026993031761,42.34032227157497,42.67960470028912,43.16187420591759,44.662104872622436,45.35785387644554,46.69819626072905,47.98616591486867,48.17579115597628,49.57643561530483,51.70695095888008,54.59902723703486,57.396461873014125,60.50211538309227,62.072780672104635,62.35522505844902,61.720557728874226,63.471391508762046,63.12314118659721,61.37717356225782,60.3455765672504,59.75930198012753,58.860253751602706,58.11870125700466,57.618212012903605,56.89718178000466,56.64291125515191,57.45196602771798,57.32289028916341,57.412592014619825,58.96730403521009,61.35579930098397,64.35291229281222,67.1333614541351,68.43758507187405,67.3883603952088,64.93210542850113,61.98154650972723,59.489936444989524,58.45495998878273,58.47616103769987,59.40312828319783,60.0963735495723,61.72206369096999,62.887508023930884,62.50623374307096,62.62379144444916,63.4192286908199,64.27732013528276,63.92334486858668,61.994015079895576,61.19839599087714,61.65189475078914,62.69888699710089,62.839402373365346,62.91615174143078,63.547402871388584,64.42227453763232,64.32736939261662,63.52633305507067,62.09977206819902,61.436904092109216,59.81363581236479,58.75225229825471,57.85351706111745,56.103694296084676,54.89225261176077,53.68391168568369,52.36297283828996,50.487202936840085,48.825294757990434,46.406329804224654,43.93902422651638,42.57507749563246,42.88424774033643,43.06473251675266,41.852931227438916,40.30554750638908,38.408507396700706,36.018984391539824,35.50375937961555,35.20731208726362,35.39542100600159,34.47154425451006,32.01544121479017,30.86984077633144,32.64028749517538,34.093923322067305,34.03904308556767,32.13180728103212,29.822035053390042,28.347326234430763,27.885201570347615,28.718400279805245,29.247561089098678,29.234864935933526,28.540398946786535,27.659096498936204,26.511746218411634,25.928676710511805,25.414038048630267,24.389713914639696,22.77648083161632,22.510850636130623,22.18933021990243,21.01424501089359,19.04390403886981,18.824275167838515,19.54127828623876,19.396893972324946,19.42491373700655,18.94969824393872,17.557327599589087,17.720194831689106,17.12528694620587,16.784784009709448,15.7629654613663,14.117835779119233,13.93676737844162,13.152402769584102,14.133770463350924,14.893911902484,13.40658170546385,13.682359529987117,14.307389286773185,14.431118324194719,13.70798879921719,12.503915685445783,12.29916291564544,11.241848347543895,10.057397709166697,10.350581152167479,9.72274372297721,9.730945109831163,10.27447641074576,9.785064185941462,9.921035118810218
20.588919758526632,24.030473450043544,23.865877640866312,22.002071969685364,21.160189964293096,21.641809150445944,23.89173624244434,28.43815523171073,32.319212166894964,33.389794252761625,32.95314567302616,30.564964018760328,27.780846957005874,24.956133176619915,23.5229328275514,23.769885408130452,23.64619872862127,25.408870127288008,26.45884555932181,25.694309266512942,25.306467069143277,25.055427783745778,24.472459682627758,26.419719715847997,27.9901719721192,30.245159492656082,32.0994768022598,33.74823936091573,34.97749364339964,35.467207185705576,34.206994385547866,33.07333510216598,33.66432476557937,37.28808361946113,39.694161418354966,40.47516297941882,42.2910074520407,43.5910312241017,43.232316185755096,41.91114533358716,41.195058750016834,41.05199869159999,41.84470664207789,41.689478759428106,43.28128590756661,43.83513186543862,42.843433726864276,43.025134375484775,41.64790820431279,40.40903844914226,39.91274351634136,39.88561048499436,38.99156095161682,38.80581603996859,39.31620144674369,39.645437454952564,39.17738296306802,38.89547013967772,39.369503066080995,39.423054370090185,38.23747633854487,35.36876382836237,34.15015656871886,34.981601270206056,34.71970057698833,32.99909266469853,32.37160079471514,32.908715364615,32.484798025091834,31.99780821948948,31.29602982903686,30.073431509986406,29.33445153792136,29.424912464697076,29.397677755033506,28.377260050992586,27.838419815554214,28.213220279513212,29.370825986485784,29.13975683796258,27.672395184121687,26.411438207569056,25.663060884899537,25.196797201273842,24.07201468133297,22.608242911353816,21.34151985765288,20.29049398143159,18.664526509272775,17.167261738092645,16.3178173668911,15.146406000798098,15.252502473613948,15.991718041159656,15.821122339007212,14.846855212171455,14.54080619475517,13.996701437841331,12.905274719258081,13.563304017074428,14.71259944986496,14.306222988160638,14.359176041963712,13.497874512996093,13.871426488137494,13.053193404592564,11.663507299068545,10.355562102991044,10.126643489748641,10.005511746111242,10.098679069412274,9.949008317450724,9.805771080079353,8.895564905264127,9.111811277438898,9.153875319104374,8.691034505686458,7.9782615685534735,7.7257222334119025,8.310050251847139,8.156970975104665,9.522156297179091,9.766365429439448,8.308638083760352,8.145196833540421,8.282097850242641,8.443989385553593,7.690931908377921,5.3211498077608566,4.796931177802767,4.952206539918938,5.548962368452033,6.36413894297809,7.431781086723802,7.2767988039968285,6.811777002997413,6.087962311118098,5.727615450509487,5.478843634792216,6.368553343600337,6.27454794946694,5.781805546458345,5.579753879167077,5.435672834170882,4.682165202921826,4.55539862705092,5.321935775535384,4.505881814864582,5.260909306835178,6.653025191201334
12.338550239723698,13.782854627852448,15.645723283543708,15.47574227329706,14.407824840274978,13.630074580454597,14.196779382221687,15.634604315363013,17.59813723222732,21.024592420411615,24.892162518064854,27.07158002651343,28.162095753484596,28.449268484928893,29.489240451859917,31.822006077418536,34.1334757378738,35.538326623444924,35.317570645250434,33.576460500773564,31.01553124995861,29.642143896977117,28.939521417602297,30.178315713017415,30.901466650760607,30.14052463079322,28.15354322504574,26.458994640962867,26.49112499189212,28.42533629799089,32.882486039036344,36.9082361897248,39.205440103964044,41.59703546221542,43.19413087753153,43.47223311003019,41.7845396489581,39.730203429899085,38.99401702853289,38.71667374204575,38.47539626953355,37.471719675470034,37.507977270105606,36.74702371078255,36.085109913460826,35.36745732937294,34.31078705978227,34.06648086240188,34.80087543091421,36.460039313635484,37.797399879398824,37.652078080755416,36.921956790669135,36.12314789856717,35.40411357246834,35.07144428145142,34.90930192400744,33.939695234890365,32.43961704710075,31.424669939212524,29.782897964202355,27.517888491743808,26.511063181837446,26.556881772810808,26.360761887041242,26.257078484350988,26.270365673276462,25.881224632177105,25.745055793980608,25.715762375417622,25.13260729721384,23.732027651176573,23.44570166950323,23.58589164576805,23.515868272369467,22.358932727754926,21.619685854776968,21.629135226228048,21.464673561320826,20.60795800035245,19.69546006311014,18.862018314187164,17.7352095202735,16.703590109844104,16.42202621812299,15.997360508645091,15.96573181901341,15.790063320575939,15.198883313845377,14.774348538726931,13.842027351904745,13.775370932491864,13.626539037208316,12.772764518672368,12.177372432915172,12.639173036279852,12.819942718272513,12.842782497676192,12.54689206243101,11.72392543254921,11.323959936904084,11.212593283868356,10.471129852172664,9.786918861158599,8.726264517450993,8.626114448058539,9.160758072632433,9.383942938053027,8.938325925176201,8.442085524900687,7.840037329298631,8.150493334883523,8.533778070644853,8.504546760466468,8.224346619523812,8.899511130989364,9.625819062875959,9.746745960877638,9.313466722709597,9.000473752736081,7.84304751685106,6.618309997581124,5.754617497293569,5.377050014093948,5.625859292938691,5.078127817671101,4.426630278209741,4.268712679863783,4.471713157567112,4.153804437344969,4.068033273749635,5.139226894581176,5.613683706878214,5.269928718444958,4.65635904768688,3.4397574360868783,3.8068218589266962,3.9965230344629945,4.087232977669535,3.355105010291795,4.293391252758991,3.9264913241419728,2.6802870573462467,2.5310491080000377,2.6245454730085784,4.513278102951487,5.746205236789248,5.335067275039253,4.844428706788726,3.7740627883085596
10.331806631099907,13.373865065801999,14.395587645896562,13.33476424017928,11.88419408916281,10.814183212927441,11.230634260325433,14.109201120527244,18.881904601380512,24.04142707543787,28.94338119939483,32.442457962265316,34.16304360592534,34.32228402115906,33.35652071861582,30.999370110874683,28.765750496070194,27.519700704464732,27.099704448951858,27.63851286576625,27.669131134839255,27.573367283894292,26.75464559907087,25.425696000799014,24.837314066282925,25.287488601698826,25.77469560347354,25.321617014491434,25.048830995649183,24.564043462083426,24.27882612169827,23.98550262983394,22.998728646278643,26.10426931899582,31.245791827130855,33.78295086799913,34.581498117783774,33.340665425038246,31.522084771231434,30.766023298513,30.113338431649165,29.10270777044896,28.451183800660324,29.126910109467417,29.564412923477406,30.00440195452693,30.18655872442564,30.01976771795519,29.936559884934574,29.985816374498125,30.592955649884022,30.75680236560996,30.078155906218523,28.761893955102323,27.82041044030789,27.227374629968747,26.78539261114832,26.21250996921273,25.510045176610927,24.668369443381934,23.97687464871682,23.46296468977376,22.835572030290983,23.293088102247278,23.232745393768727,23.713662907346862,24.170927525228567,23.728036995408708,22.55992608916328,22.096021746146633,21.95903573607294,21.67366834137383,20.994139453881377,21.46323648206388,22.44505778038707,22.698967483788973,24.052874034019077,23.425747885204228,22.24404698579215,20.722205800199905,19.18482577466378,17.96798438779681,16.914860583808792,15.863985720220372,15.277176845112054,14.56054146051481,13.40513534524907,12.239443323693743,12.018358846448834,12.251725557064772,12.4582810833952,12.336460750145285,11.547906704930053,10.692701708232404,10.611557765255643,11.106168689204054,12.000313321371365,12.63167290028381,12.673667472643924,12.269006567040819,11.342277082250947,10.675779754147692,10.59030575105867,9.724988488169949,8.708412046012054,8.352144837368371,8.213683177097947,8.182170783482551,7.582813943584969,7.1739936790138765,6.767456277630403,5.890330718408555,5.2945303685185525,5.096768356767564,4.80695139539181,4.942257949907797,5.274280869047682,5.365944408719879,5.495957510934886,5.649418096245247,5.529404477919868,5.319035184173153,4.6575921166231025,4.399311139715911,4.117880571993762,3.8321411193894823,4.370613473802513,4.595145616795807,4.471803918561615,4.620037690291766,3.63958385878738,2.837080533044466,2.6071155937016433,3.4556369480317737,3.8607344860934365,3.601653272164749,3.2217689688786386,3.3022247549308217,4.5334211244129605,5.573018831250685,5.678014806971873,5.371985137928743,4.749670629557232,4.196747773496035,3.587610371205698,2.966873271608475,2.1061518424892096,1.4652701575812916,1.5568093855390857,1.53752678786603
10.169859531989161,10.527548839123874,10.264754245460773,10.052724451642208,9.435896664766242,10.171707845337394,13.006961101631076,16.482916580425368,19.731536639353386,22.06945262305846,23.015545563232894,24.07450374126284,24.34225134023471,23.881539177432245,23.762254578408978,23.68672023684922,23.118664757364943,22.558866286023562,21.88855415029253,21.402663213167262,20.80799837830951,19.686536905370325,18.665616981220438,17.741087698948274,17.539247824076373,18.109181364102906,18.46495305200952,17.507528486108768,16.994617258843775,17.01722401845929,18.608577305336528,19.664577846842356,21.10624457448889,23.622890426065847,26.768402334006907,28.349917805182486,28.370303685492615,26.92919399189944,25.371809935446596,24.67516247461068,24.637798273418294,24.70808700050366,24.18298089342535,23.548294346931996,23.314874548716148,23.408697893376246,23.253626812381622,22.94316592371729,23.332002789877787,24.358892639247287,24.60499388880049,24.519235803693153,24.741228570423694,24.89013203971463,25.221382396990133,24.80332664817703,24.16174528117781,23.278556762305094,22.187232068158796,21.429112438723465,20.977650157226556,19.377545822371722,18.481213795745344,18.621478332905266,18.690346963382236,18.786398096724664,18.402504528616433,17.59602610480844,16.628755643215523,16.669117745668604,16.41918449255205,15.357375571706662,14.563005626652526,14.37323378850316,14.319966481681927,14.496663800768992,14.48110432656285,14.461627113630062,14.158316727851835,13.524575223035095,13.112920614318366,13.067591664890791,12.683096985644703,12.261277943386576,11.925022071316414,12.079671405902108,11.237833142440477,10.425329724356061,10.310706946779646,10.00449179633805,9.934271434226662,8.90909345722223,7.862851759258254,7.778222412993962,8.280319180240225,8.401866084393756,8.231459876773965,8.087368473690434,8.728710107882236,8.894030274519041,8.708267688635734,7.903716640045427,7.17720366322163,6.818890263463703,6.4248989647795085,6.404882803975019,6.898920795816694,6.6629587849022345,6.003880548745633,5.5682928585988325,5.3760246005357555,5.315261455781896,5.337670480524739,4.763838935295691,4.18974378627411,4.729986863119606,5.22535549254274,5.7883168572573025,5.900838531888524,6.110113261776152,5.239848344199956,4.404448465868406,3.8834753102332797,4.061669593818807,4.236554740966291,4.027103155465062,3.6681473826867195,2.9205687733108627,2.33169372722832,2.463112315301437,2.5310246890936328,2.851807269619798,2.9593658853697993,3.0528215886022827,2.479807008503114,2.707339815831104,2.773337923849841,2.7593750689031786,1.7462645150168152,2.093297204142366,2.240133251638783,2.0182304080608184,1.513911751369419,1.95428995131298,1.9471269015483266,1.894213350387842,2.632518398749562,2.703386784430006,2.1744173611565407,2.214780504949392
8.07218243602253,9.746562955654905,11.21487340018312,11.405190400675366,11.522309326570666,12.57997873718934,14.179732420556213,15.246682431821085,16.066636279467954,16.786652269102287,17.083520882325516,17.115884922026684,16.876392291275813,16.67192068066066,16.907567295763872,16.950582626670826,17.720737467453947,18.707113237981517,18.94850465542638,18.193156587268643,18.069012504127794,18.11957916031413,19.128099532692094,19.903273040626424,20.972884058298895,23.53079111700098,26.140502477665393,27.875030847501538,27.368729995617656,26.851918998014007,25.804658645805034,24.456102040695853,24.788121849241392,25.520083208167044,26.863470218071914,27.85573866365593,27.792808390755045,27.0413183257078,26.114151100399564,25.675778176961376,24.66863981931359,24.38747295762464,24.157442243997092,24.134216220623713,24.01707666737355,23.65051004253281,22.432608530727453,21.963827576487304,21.569924370295862,21.162685497426043,20.38222981149807,20.328629657321144,20.352898202828687,20.11757308874669,20.068743058763776,19.707455660564385,19.741468467899214,19.936976685846545,19.56034702292889,19.07649979488164,18.463105459453736,18.215643954125856,18.09648404726909,17.842514948318275,17.822970182494025,17.074565222742798,16.78394329948423,16.579778731340006,16.1766540591797,16.360750778681822,16.167216707563664,16.123931667706543,15.925056741003935,15.767669175262085,15.548748540059877,14.955515467835998,14.923157010579649,14.535207929823994,15.100080690736819,15.571618114460533,15.317905690913529,14.411640905983854,13.420706141570529,12.371674338386349,11.438854210094377,10.996444995113128,11.077616337096748,10.982723481744225,10.592321035551509,10.488760654898568,10.57922747044031,9.783890473154065,9.110472909286132,9.00452653948154,8.942623090800424,8.345214511913403,7.808925985754796,7.185037545230262,7.662156403112914,7.991679169440952,7.344768376559703,6.981307918109357,6.908447745271052,6.76976879610038,6.298919758283799,6.039713468013845,5.497795860558777,5.144706122157461,4.932690593020597,5.2269953609942865,5.587820033362073,5.073986279289773,4.739125126550229,4.810276012514464,4.659296009720161,4.358680814759452,3.82906060284538,3.7474998813603078,3.3926818823511495,3.0153431209430352,3.0259023997610943,3.3530150983851086,3.566536061162232,3.803454745340971,4.414912010660318,4.393715443704878,3.8571756772859285,3.414926330712881,3.4825911540048913,3.2748214812294534,2.6276723878362214,2.466210694085805,2.669389038373579,2.6380761876892747,2.162940247435624,2.4386600714401765,2.672043329935321,2.5090827935134214,2.1856331204620734,2.8424788757169925,2.961733621896188,2.5439063851419776,1.9408597370942573,1.3752698606295612,1.5725341017931735,2.16556645643031,1.946412569329076,1.4558875882485778,1.243626322111188,1.1531855006506788
7.823090182639535,7.397158170744057,7.08521576752932,6.650511249219423,6.829354525514778,8.227332755716038,9.61842464810537,10.546170572985176,11.590156953497381,12.092189367525723,12.288860973604596,12.531545933706642,12.398135866736254,12.647110043278252,13.885228928165022,14.380052124778235,14.421537527309699,14.679101966481811,14.713655403045841,14.186535611114358,14.245734651888569,14.338627938642245,15.207807363534709,16.185271217433336,16.394764548048414,16.713483218758714,17.16372870469968,17.49882115637408,17.32938005035742,17.21197841160033,17.0531374416398,16.93417334390618,17.68372599648411,18.26628201757907,18.79374639645504,19.086631312996875,18.92881538904044,18.215813601139654,17.43660917995144,17.3962765926568,17.62576533227046,17.87781084706095,18.610263500572582,19.01741242717054,18.454512725517933,18.179392560353087,18.091422355868964,17.998039514187838,17.485437674076845,17.192760617874644,17.5569525842252,17.269340092557474,16.805357288305974,16.689413702496864,17.013412874996778,17.076347455420954,17.150974414140542,17.149894394621104,17.357302895738197,17.220876912890958,17.030383555080004,16.26836645934557,16.089373435125285,16.122173668142665,16.100202240874307,15.978666575228157,15.286778180262813,15.526975458854508,15.639018909149435,15.727367951775198,15.348630514735492,15.439535318789698,15.615811246994555,15.908649732586191,15.643576721712042,14.7171986368212,13.923879222784416,13.504701127494723,13.506205775751367,13.224149002610439,12.468277140350741,11.883655701424534,11.27184714821344,10.624585293375398,10.307537844870692,9.63643719551681,9.56171025307862,9.692193164024475,9.797962753634462,8.894891896331272,7.792287870273729,7.032763568172231,6.338511419047895,6.080696088162184,6.698655990397544,7.114532936058911,7.048499690851607,6.743803519579033,6.204695702489634,5.6869641151664085,5.757656959054302,6.106918180049803,6.299082658112776,5.853898694350362,5.24166386977541,4.816741022763655,4.213496416073105,4.0530985769841665,3.7947972772712513,4.251531096415912,4.617735182073606,4.489948472979149,4.09846432545924,3.7079007131984016,3.6227643460170924,3.8620366440237537,3.819192646704036,3.5868699330263345,3.766952762071885,3.4527016601297436,3.8206726791992547,3.785035685241675,3.446118859235427,3.1718119570552137,2.920349194297634,2.9854692918448635,3.549016559668731,3.0310418424840613,2.7774121681640445,2.9390913689336298,2.8458934993269986,2.427827348195238,2.1468251757970274,2.223340972397488,2.163125056331574,2.7285797134863987,3.420175811500838,3.0710558147052804,2.414273731997512,2.094476430778739,2.39380894928492,1.8904129385464474,1.7790343801758377,2.140460918855977,2.1330184232880636,1.9503092469024181,2.267645415613191,2.1652112481528665,1.5619800109742121,1.1860354414311707
8.356661999902162,8.752714412720966,8.341331383049724,7.570426122635495,7.5357625485567725,8.140418681654456,8.58387318702205,9.605076601588909,10.518101924617415,11.301337468987729,12.459738330222986,14.23806039857059,17.00394983443507,18.998317036657156,19.75257767141407,19.537716006590003,18.875739909321354,18.3166700177226,17.30990813239189,16.349692215065488,15.246396942903385,14.471740806376447,14.220245859213643,14.888498397985208,15.117157612350265,14.978265336858671,15.180102184577127,14.597590119230937,14.382416650551447,14.066628017593727,14.281810827172878,15.064773386374478,15.540406020295348,16.25327716019389,17.109003080471528,17.81381361683548,17.602877862331056,17.2402182040661,16.526382195772474,16.50138002280432,16.290803114111654,15.675383292227304,15.533599606695637,16.21300553380122,15.88169629099535,15.502094283137726,15.635476536410211,15.860827481510482,16.332720392114904,17.010919079481813,17.0875038693991,17.26534774441176,17.353836223018348,17.459244542463694,17.698123266200035,17.34618027720513,17.3300296477056,16.860435170366127,16.24856777502752,16.035658675525774,15.315803443515833,14.519392278089775,14.223623617494848,13.950331527810535,13.509696966637064,12.696222525530343,12.800159505994879,13.08992268625611,12.940870817619441,12.61516536699333,12.435993671639498,12.166361289827492,12.133268554280258,12.181771422047941,11.8738544253697,11.949064411322553,11.999673536289867,11.217899940997576,10.341126169859763,9.99602377015206,9.75584132176681,9.32264243733293,9.141327025954832,9.071076665942252,8.625372519852956,8.177590612259047,8.298865566051951,8.212823018042407,7.7543475697342945,7.600636531247114,7.075008851344674,6.579935872517419,6.574383256188545,6.3727398262577895,6.550866873623109,6.759278502142625,6.626829101570282,6.408633304453883,6.758184753329439,6.626085161331274,6.325630045579475,5.506236510896206,5.229538002468107,5.408103585745347,5.537412852566148,5.538738497490174,5.388941607250139,5.017840782797765,4.797413082052159,4.521462228150218,4.525131678924389,4.393007155257442,4.462558269617335,4.218196351964744,3.8284377734303283,3.5923889216073186,3.3859762031243843,3.266501969031322,3.3766106711247508,3.3558773427296122,3.528657562440689,3.2810737197648634,2.6334309644031983,3.0612385817087686,3.377214954404045,3.0783870471349744,2.6408454834612947,2.1570718192716187,2.038746953007744,2.0077371075669905,2.0094167947862056,2.4411740649204243,2.8284486976669134,2.6008767638112484,2.41135119225795,2.1896356162269526,1.7161464937192952,1.7413521941395889,1.4053230937631394,1.0473908332057429,1.2934091210852516,1.2598191153089946,1.492079431871762,1.9417499652337027,2.186710252821144,1.997864416788197,1.8282308793458848,1.1958832933820251,1.3749414797636672,0.8441700404792462
6.046614766600228,5.501686897632735,5.541984534543143,5.818237155045644,6.3063755586941745,7.307981107224049,8.839669915305906,10.388145169362165,12.166649624684602,12.287452707281522,12.774471047777872,15.361391641348442,17.94394219612112,18.63453593237752,18.985511126383482,18.56950610907834,17.641275802499344,15.918896046396815,14.705351667463454,14.020788290299018,14.245387235694093,14.459639065676248,15.501886273752511,16.396368041543763,16.27575674222086,14.745549557662951,13.88536624954075,14.389609037814195,15.84166740062735,17.154568991251118,17.979367643344393,18.919532509448626,18.907473901958532,17.497353078201012,16.59486966245943,16.360740498956144,16.19979787422317,15.85082474136709,15.371513611642209,15.917643568582957,16.505966969444543,16.28831348652883,15.761854460968419,15.106387549942566,14.542885063038923,14.369326929307034,13.982035683991748,13.80682107050953,13.713946321938122,13.680136820574496,13.883099919565355,14.192854566988437,14.472341808916338,14.83802713671775,14.45441837208619,13.854521655541587,13.845173170682198,13.93344043747258,13.614514601417618,13.711994474866922,12.961000360680758,12.007702366939311,11.333162101768194,11.493179147665199,11.961365170314213,11.926010849750373,11.29047868556083,10.888179403046031,10.78155151718877,10.979170650330616,10.890678768683017,11.221690911475863,11.087588740181559,10.908543978435068,10.965634009511641,10.716477264582656,10.392916334887753,10.341239834072002,9.841112502332138,9.591038195493208,9.11834116348375,8.945631223099362,8.665844737467463,8.519587257969226,8.583240482728623,8.134635151949233,7.5799413436856256,6.988256298395018,6.586136789175216,6.372990747089386,5.86373913133702,5.502252453197866,5.709964756311121,6.143351180376177,6.030769059559668,5.374837105425884,5.118842319132347,4.650614558639738,4.362667653989977,4.382559256595144,4.459813858212573,4.526373734477352,4.352753685622784,4.017964357714431,3.855549618381395,3.863468758836549,4.075072199908926,4.6548425130990845,4.795025281177473,4.210682181280134,4.08837166711104,4.050949085458732,3.8023590774020195,3.647601913864696,3.285516081230249,3.386906510131045,3.392620745992535,3.583892522181527,3.0830107460282603,2.512069199550831,2.70507100282563,3.066437248845936,2.873743332648875,2.9726933900047103,2.411766473102898,1.743191993004125,2.0211035453827297,1.7097740004191189,1.8106222287015903,2.3327111996273553,2.092433803225792,2.1145297537075143,2.0426298791537962,1.7292264227389487,1.9586177198809158,1.8240992704463483,1.6577642454946833,1.3619794413239377,1.28098308346008,1.5633401978261363,1.4275261425923356,1.4635343866762975,1.67126171190649,1.5573016387244842,1.3321915719268975,1.212161650863008,1.6686551096766593,1.5719988277397794,1.3661780796105034,1.1998549192877779
6.312610946432611,6.096089005400912,5.828619235611374,5.779695553644424,6.320737311531131,6.445447416649835,7.377371901429436,8.89755274019021,10.22912927413216,11.30982742081764,14.166365742058739,16.045462909811725,15.911930293868553,15.256853899790553,14.8172403309081,14.810342916213541,13.846754012190877,13.168503671140583,13.440074283818298,13.053949861738674,12.404107615582687,11.943412732214783,11.91357175684391,13.287894861468196,14.508906520528226,14.805257413330963,15.143485112450213,15.552520771217754,15.69374889763258,16.134278016147963,16.40031757866336,16.60607663781547,16.259992480317866,16.204418652589396,16.631532616442197,17.366731488903135,17.194322427395807,16.498039885194313,16.314663344795452,16.175307792571363,16.18832671922749,15.356075698437119,14.63169853872025,14.293068111932236,13.42902954472936,13.309544233386726,13.936895890499112,14.34784305904472,14.463510342858518,14.26470313417709,14.984410338562492,15.151289314377054,15.369346998290938,15.19445576059357,14.81107940342852,14.894321999347097,14.691673229029865,14.290997224514953,13.738684462303642,13.924727664971314,13.48103210800391,13.13141326861107,12.957513214501658,12.789206144003433,12.187484839857166,11.563952197262413,11.360418259053287,11.690249992708516,11.87929475773695,11.606255077770287,11.415281065432444,11.014460181539569,10.316453363864461,9.874000013361563,9.957499447083785,9.550329619769634,9.41672489626644,9.548525319581184,9.217931020049914,8.893029241007731,8.410459001773864,8.205257319470693,7.981059028776617,7.957025504422047,7.4643556554812,7.208675764553429,7.056155542242935,6.97899549987646,6.797960289119004,6.456910798411301,6.318794310491098,5.951045202773404,5.588962395278838,5.490799574651311,5.390009001787878,5.646442772363171,5.789391995955862,5.7216249359382125,5.452284049449703,5.33794173984822,5.241356808074399,5.008218503540913,4.64190318364161,4.497558962283566,4.143490700176738,4.077761927596395,3.6350328156770937,3.4198511294762945,3.7095302884292525,3.6697570380392412,3.4835583848424756,3.3087614580720457,3.2145141826278816,3.2755879854168617,3.1610185107283577,3.099256434824717,3.08595834907474,2.946632490087346,2.716928382108317,2.396056793380766,2.1846355044501586,1.8293717535537057,1.7251442005659599,1.7044174591283958,1.6018251173548799,1.747047885515862,1.6250565044767182,1.2971784686573322,1.0596008356668147,0.9006952286695169,0.8340229192390424,1.0292407688337624,1.2171137193701456,1.0451156902697283,0.9070496394487128,0.9118687056059462,0.92079790544262,1.0549185607017095,1.4177640246620649,1.8552309905733444,1.7076595768863394,1.2275326633375911,0.8514121753335329,0.750867182688342,0.7113665686439187,0.7206325392249312,0.876730889726337,0.4685935230424338,0.6686863139671141,0.9779898499425671
7.7675362978828115,7.2044662185953445,6.70422298382581,6.62373810315064,6.926946509849203,7.209226953578702,7.785666383901309,8.761395714142283,10.000385296119228,12.065560158554604,14.200356525125864,14.67359410179597,13.954660333024545,13.702786238554461,12.823097830268301,11.935969153520398,11.538637864452271,11.234909341825926,11.31171613273685,11.475080486086332,10.815264852199778,11.079137208381397,11.571641221858565,12.168019527146125,12.692045339839837,12.46996376575219,12.325942180958961,12.273521774181193,12.511862908755731,12.15720692349487,12.245797928465914,12.24900438326219,11.605874285276427,11.337372224047371,12.369914409705462,13.367454847645512,13.15814543554581,12.795306237558458,12.99296648195415,13.07438561695192,13.443096795237624,13.885406247707325,13.635152062774187,13.125834003922154,13.091064334345452,12.737218221722138,12.20601260928626,12.23098265899457,12.213592991319077,12.742686358004175,12.478065004594141,12.205328886198131,12.215841777388976,12.081992778226688,12.71345569985079,13.111620571363728,13.30148316522742,13.000852063812339,13.418839801484397,13.270828566510483,12.728419371067364,12.542601411051377,11.979579465498373,11.47626972957586,10.706901287251762,10.779798898566694,10.314652278464699,10.273080602444153,10.169138441762428,10.17322037942665,9.673639557033049,9.24279827930435,9.139347799585604,8.922051803819146,8.649184647477533,7.926545953620623,7.687173527854761,8.205494979537823,8.2289408099295,8.054925190192062,8.155552543051067,7.7291846287451325,7.028892835860924,6.349442075269072,6.008461716003335,5.305182849509411,5.3004735227120285,5.642928838583962,5.374186273288455,5.317232754970227,5.168309755272585,5.116427246782892,5.002082602914226,5.158850314824619,4.825925813385742,4.755320599409588,4.509233269969764,4.123055109655564,4.090083757713839,4.3794298249639905,4.277459834549582,4.188114421432344,3.766946154352811,3.770199602173715,3.6306373441954984,3.1920679674675485,3.1015899330499956,3.104896922566499,2.9646418912711554,3.280463194339479,3.412140196079634,3.247400172889381,2.9287992640621554,2.8655441187877932,2.6868646672093353,2.4116676095631218,1.990556817275034,1.704896301339734,1.746048248796542,1.8599268857878664,2.0829436681940194,2.0356767507288964,1.7792968790241956,1.7253066359540552,1.8978669918948154,1.7509250231316087,1.5298975663474248,1.6870804752404456,1.8570925950222594,1.5547949729428254,1.278075145073254,1.2288598221460998,0.7668282611869026,1.074710604449924,1.601968742187853,1.3164364461116163,1.0685854721176602,1.0158051861748574,1.1152949753594892,0.9866809596677226,0.6111244655001599,0.6530340204944796,0.9881449190479034,1.470384523765135,1.1638417385618236,0.7605194608111704,1.0627366383335617,1.0420324792819893,0.546597479472228,0.42176492497541457
6.035396446651297,6.9154808062808515,7.046219587841348,6.731208823928471,6.803812846331409,6.803718447971843,7.445032785251814,8.489212088637899,9.345248833661222,10.665103466864434,12.06235754034642,12.226924103988106,12.436016501350018,12.652603151069655,12.741498419683136,13.037001204859642,12.761112261632457,13.05776630241125,12.57043050761481,11.111789665921647,10.39794252113613,9.93073596450991,9.899852384840822,10.255202864011107,10.249140935725928,10.505562373457595,11.219715996642874,11.555266449588574,11.23664425740426,10.862203334664907,11.021147328538586,11.852492189471914,12.838347346497821,14.234636849323032,15.087452289188159,15.56709069132708,15.727388334947731,15.719287113951724,15.508457270602086,14.653458250029155,14.190504857358743,14.332267283529852,13.758511999250624,13.261715581941285,13.203284537778128,13.351106526943088,13.0162983869785,12.374642568626419,12.085513425933058,12.666565790549608,12.821243282873777,13.175605313782228,13.535257931928248,13.408547703083098,13.395331562658424,12.721271630707728,12.898991328225211,12.798278972169296,13.18709285761381,12.882626007935757,12.442750387259496,12.201910263860725,11.939922264806551,11.188361123225832,10.605132497309167,10.2815006761384,9.827109630289879,9.994817550366196,9.966400837513056,9.288716002589391,8.88389004117209,8.978251324944216,9.299271611969385,9.959766064350474,10.22754874588409,9.884402528280772,9.233563926163853,8.696389480550563,8.778364427229416,8.789034725082072,8.325920125657506,8.074518320569121,8.118893351280512,7.253921497511286,6.841548070681474,6.483490427763871,5.958462830343602,5.3812991697199,4.935799926039982,4.981759933310997,5.018113557138121,4.780977348246408,4.676170333113633,4.656999112914973,4.412191582941978,4.152428823984233,4.3671297177904504,4.22510446428083,4.240797434353406,3.9625215133348113,3.900452686330049,3.946079536454665,3.72715278818468,3.368541199725307,3.2959391025203084,3.426536391121147,3.4850949359601877,3.613803866497304,2.9761689142256196,2.898268510702667,3.0946644028613903,2.736300382205444,2.398542865927945,2.414402106157704,2.32097163729979,2.2226028418286345,2.368081453698144,2.103948701556753,2.0965511277129556,1.8857758931095043,1.9910147777546632,1.9822427498149622,1.6339505848535547,1.3336974983399463,1.3063687420323857,1.5487033646233004,1.7027916947489048,1.3553493308896996,1.2406790941569574,1.2209302106147062,1.085546397953137,1.283340724356657,1.2513746952017994,1.1563577850367175,0.9458933478127062,0.8173361896848557,1.1271942378339428,1.3941901855167869,1.4103770158506563,1.4160952101438666,1.2504708220925347,1.1368656640688908,1.100712722535723,0.7719766815052106,0.6157145803082344,0.39835324516368376,0.5403030225212027,0.8023630920585536,0.6895421180977469,0.8529640930965409
7.003720936925861,7.330450359490708,6.913727154385546,6.384581831690094,6.053469989232241,6.0088416499718615,6.699191638122899,8.260676117158905,11.205671178549977,13.661982931405149,13.30707897564398,11.785966198032998,11.232053495336501,12.379756681204743,13.05736990647643,12.439780331856007,11.522085296949252,11.265222148148192,10.673787218480092,10.249327263309503,10.416445518808665,10.936998080635941,11.408749585497072,11.679348164980238,11.824855747993388,11.659915657354949,11.161040528002532,10.454701054133468,10.409662808564727,9.919323212417483,9.591723656486355,10.109874644297765,10.093796556593865,10.827957006704636,12.296287482553668,13.626517105340971,13.916158721814982,13.740438127700108,12.797291067152832,12.245588922059934,12.404931001835328,12.979911637701079,13.157663853163834,12.968672859015278,13.115992983975849,13.025900697096567,11.932494492033376,12.000650427954593,12.147422672333109,12.45834009374641,12.591683504282372,13.12246327660006,13.211084010715748,12.247303482604327,12.8149841318627,12.482762109189517,12.406930762604595,12.124788192602262,11.751028248397335,11.498249551601218,11.522330839318144,11.308799496209124,11.162292656589706,10.788998875599422,10.830288283237048,10.675811902188135,10.17406581809402,9.755583530964305,8.959047971165898,8.848688079143129,8.722421512211467,8.311768147848754,8.31930627564977,8.632393520465131,8.64913511071243,8.840026623068225,8.834127572489505,8.093717288386085,7.634938464446051,7.553224062657626,7.337138157604769,6.808471835420061,6.647737775246297,6.4959841801517575,6.58331463412648,6.482436110356784,6.596139673738979,6.486513758584938,6.24364614902799,5.941393438723948,5.264311169476827,4.845194193038356,4.818167859114058,4.553165484599981,4.475738982786703,4.039546704622594,3.867219658118263,3.9715554431184557,4.4617625470541515,4.652534028975731,4.574684399280893,4.47184538194087,4.35563401965657,3.768226442484401,3.3787390514677607,3.356962716356056,3.2136956304823894,3.1874103559618563,2.9834358257016658,3.316405922243822,3.2765108993279513,3.0962467389046417,2.6924816769559983,2.5596225213303803,2.183203025704226,1.9012385666655693,1.9484338555326859,1.9072651755597299,1.7852002772835658,1.8178579718311947,1.7665336660351516,1.7217795442488104,1.9533756081353935,1.9255773344973655,1.8387729314882737,1.6416124366214722,1.6322411174267817,1.3372758376908889,1.3102307878456696,1.247207697645513,1.1251825267423976,1.229305108475305,1.6322631990102432,1.718253846231185,1.6393108370417724,1.5998279616192235,1.9246516653504802,1.9751444969909908,1.6079857347959592,1.0683980399986772,0.909165063495413,0.9554253934024692,0.9375373990149843,0.8665598837974139,1.0209937210424513,1.102748487480326,1.1914961070476255,1.1563591417765737,0.9318434259416568,0.7892195845949841
4.909156470862316,5.009506075183085,4.728564551262484,5.253708350561577,6.449986200124216,7.897230676472461,10.069772785192141,12.67426134011358,14.584770931984472,14.359782296021624,13.655075659496472,13.20995114081768,12.149300592074143,11.47949256799836,11.236280170587992,10.911106234969434,11.402078305559753,12.081774915141645,11.847101468871752,11.62159411004252,11.29071235240932,11.010708230114997,11.150638851648642,11.245154213575237,11.275821279512437,11.103361613286006,10.427701089689231,9.901889439693571,9.783760705542779,9.694236518092163,9.59352997385492,9.860919811120445,9.736228791407223,10.635923073689636,11.77643360052224,12.798691679923902,12.944494518707534,12.49543052052319,12.132608351334277,12.025586490190387,12.329216689021317,11.902571088002729,12.313456528357568,12.441627579557307,12.43288945336591,12.121287322060166,11.374163235793032,11.601661181946135,11.841870526720912,11.980401748310237,12.69239272166,13.006279654707003,12.576981796772394,12.157811856279299,12.515069722456866,12.70080185973522,12.070354244456976,11.633035219879904,11.425558941809474,11.105808202164374,10.805183891829323,10.593368728152141,10.336315867094306,10.633525955824588,10.430443778583243,10.006915573248229,10.066289748698575,9.973693294746646,9.794927495692699,9.738831155733434,9.272516477674781,8.965818743881679,9.019985052374597,8.948469788306078,8.675086262730456,9.018275391493406,8.54849991792345,8.47118881133826,8.139336196400901,7.987814735532181,7.980290586002985,7.8970601808435665,7.347275444290123,7.074129342884683,6.643839153499013,6.001380554996276,5.898283835073426,5.955303808481195,6.040916609776943,5.630890071978024,5.163145751307286,5.034387121285869,4.810196063636485,4.7907665236296575,4.909046584221123,4.81371442583902,4.744523374034933,4.412064807818049,4.283262246385995,4.35529815103657,4.142795633610374,4.172292178702023,3.996533105525327,3.6779187721943987,3.350701562734135,3.016399946506475,3.0858585619866714,3.242293022670517,2.9529845167798197,2.667201712129608,2.8201979164202666,2.9663667893402375,2.754927271575903,2.6343513301660413,2.6708609915735178,2.4859493073837218,2.339274475352656,2.0120161988746847,1.7986087349623168,2.01085289606565,2.2359633337465343,1.9402728702163055,1.6719058674043743,1.6643155212583807,1.658401630341354,1.3944709322695081,1.5170708578007448,1.5584468977761967,1.2611182917296941,1.0121256438043897,1.0018437134106468,1.223321264033692,1.30317085092123,1.1913825494772963,1.161398637254185,1.4304694174020003,1.2232120741811723,1.0858987656122845,1.1229853289125047,0.7876225491842415,0.6137237008895261,0.6416795048817163,0.581555068307051,0.5085051751054545,0.6297581632686879,0.6496447711417881,0.5466994721197506,0.6257088894375487,1.038579609780577,0.9715181070577623
5.477769931873153,6.335211517735917,6.948668646833073,7.116614390024086,7.1050047290066045,7.428155843766154,9.754972094487924,13.13469687377557,14.004630271481927,12.563389543460028,11.722742508061637,11.921864595221768,12.688272125104005,13.092987496750123,12.633321528076147,11.597458579822623,11.13552928365237,13.125851605719985,13.820420191937147,13.129042335954022,11.42496925224473,9.697835960865849,8.613246045188014,8.623203265569865,9.399163759633892,9.740120186797984,9.480162416096569,9.100010016740317,9.123168483722514,9.284120551519191,9.419934178381896,10.286196799832839,10.757038029335842,11.588947145848254,13.164801991050918,14.29520501080627,14.29575855980359,14.269914029698816,14.709387346868887,14.788182931338097,14.090568630589932,12.74591200963729,12.216100588320213,12.51613792969196,12.568776791510132,12.67723164555555,12.278628146500454,12.232820575083599,12.032943061235724,12.823061600017732,13.749921466610763,13.827356814655698,14.37801801760744,14.183070708557947,14.046901308122512,13.118219851874866,12.311269915441315,11.883430546397582,11.647493604473624,11.095015584957103,10.968493095928176,10.38713061456904,9.78486537106742,10.27127537087097,10.536923667733191,9.675967276426272,8.995888084340935,8.879758736023485,8.477635921401399,7.959338748212336,7.479807160133431,7.364858728510897,7.055367538621033,7.081629168844334,7.525866977766165,7.670984325741682,7.041571278625328,7.027041634184103,7.349570553919023,7.408891227829252,7.314817748700514,6.764761626420076,6.32116168796475,5.862693654521919,5.366696967588384,4.919249176086967,4.227766830067677,4.3194383455317595,4.6947445679782716,4.456018463171224,4.190257863591703,4.2531576675387495,4.222535197295274,3.952471548577243,3.915098925054812,3.535352944305426,3.380453173592892,3.3635231733651745,3.1670605351752665,3.186923717047364,3.2489315627344304,3.6324185778430973,3.204470441053153,2.999150544186755,2.817684215744074,2.806648223762582,2.6993227813106175,2.8287525537810096,2.861269653865881,2.8024355365213043,2.6774317044322298,2.224027185321276,2.124016251513198,2.1137565596207057,2.2506966888660487,2.175009711585756,2.0090686872748544,1.8520694494033565,1.71980077037145,1.7650629364457608,2.0551718839943796,1.8401461422705605,1.559064869657908,1.2158703679566285,1.0834030733699804,1.2696636710580724,1.3377631878768783,1.3887400446330749,1.570468964764151,1.4367767579266353,1.2945802256247199,1.3069309337432518,1.451443655952606,1.3317503147760537,0.9312707832509656,0.9098944544792618,1.200347783983519,1.4655949894701583,1.2090117602612687,1.007825226586448,0.9192793558287675,0.8768441150186964,1.1396066049268743,1.2105789705895333,0.9726009999921125,0.852180722448315,1.1138563927365372,1.39737594674197,1.1977305300508199,0.9584715661450095
8.30926029128033,8.628460621059626,7.629102692095077,6.446619411929819,5.927864925595045,6.9144938584631435,8.902836992629277,11.376760267533156,13.704612943601655,15.593379236175224,16.006069968375694,15.549259510589447,15.682891964126195,15.293015900819022,14.117350702484334,13.16787748749257,12.243754880478715,11.765363378596886,12.210780930458734,12.56846813279889,12.01775498957155,11.266097585917763,10.921837109918823,11.143570158127236,11.528798482081763,11.510686876874498,11.344045795652846,10.761018690937249,10.313917641896413,10.456241043549245,10.419587593641207,11.433674091569706,12.290414105271026,12.885175391129637,14.093143227912588,14.516894590392154,14.254040999269789,14.290280992822062,14.17400500905723,13.991978475280856,13.622272247805713,12.795458524397933,12.599689376230337,12.799899409099623,12.739037092046274,12.561910373460263,12.599653043038458,12.523715581596214,12.952137992961482,13.724458297358966,13.715700655314407,13.518193209818488,14.16517139531752,13.694009283086297,13.093256353935462,12.640227257600712,12.328188044775358,11.400559905376596,10.911539826563395,10.535369601082646,10.84343094393277,10.59782914411409,10.178773181905209,10.102736598854394,9.753267149496017,9.389548049375218,9.166073940119318,8.714171098081616,8.781457398643125,8.78019247560898,8.617626873356286,8.527786117869645,8.083374561195011,7.99485264896926,8.130108693200473,8.37317582421658,8.363810855752298,8.14833442851454,7.483691938812954,7.189529656742916,6.99713268355955,6.65033741419845,6.41487893617217,5.761655011065795,5.060400454800252,4.809035209264117,4.985477735786821,4.802563425888733,4.716210371709102,4.487829139741448,4.4334329469470966,3.994239295774575,3.7948059212684573,3.874245366234629,3.9710044234650783,3.729102031310371,3.497834475614114,3.5117129423212714,3.6113223166073687,3.7709081101473303,3.6677279830151766,3.6333188238647,3.4766983431763054,3.264655605814189,3.097635592888367,3.0824586930877924,2.9378426757326475,3.073272006440978,2.9176045066929848,2.734659443064835,2.767155112464654,2.5412028268699514,2.3401389425849985,1.9789299409430479,1.7174029108331503,1.723967459338604,1.80294554831968,1.869979825703919,1.7508866218493655,1.6518850597550168,1.7133055793236454,1.7988427257525013,1.6697279152278817,1.8869893542036538,1.8671176977229473,1.5268886544397624,1.4039394220489003,1.0328040195361068,1.0250857338995985,1.0300535474101975,0.9995450790792796,1.093441079478831,1.181881506580261,1.1278480132974074,0.8367257433160861,0.7010308697526423,0.7211230152046894,1.2670044933451476,1.7698009998809192,1.6175492295471483,1.4026914108882496,0.8549304246829911,0.6124432495395404,0.674857340440806,0.6399356703892922,0.5311195686870986,0.5512674344499522,0.6701371030385178,1.0001560835753096,0.602015474366266
4.4586984668236616,4.67894633102272,4.650543031659692,4.5421200775949035,4.870457222715783,5.787547138058372,7.843268411053161,10.572794469528166,13.030366970715306,13.947999533701498,14.110703446862738,14.23432578115305,15.26675648558913,16.605120125204596,16.56001572982724,14.991843087010203,13.510502710694636,11.804160272288732,11.167110751081184,10.908265755149229,10.541347703611205,10.74577097615756,10.910852954775624,11.54676887293381,12.524415462884347,12.821708018907312,12.699171215021327,12.978303127838736,12.38159931211268,11.439382649340772,11.4925675697631,12.667867817429252,13.453628795495526,14.176420653351263,14.915999575412714,15.389896370488485,15.924809571463863,15.941174409332154,15.466817996329445,15.953775011508807,15.67145929281362,15.323535899383359,14.56546537884001,13.908894204846405,13.586074499459508,13.492317323040494,13.938063275151643,13.669950422332848,13.374196905394852,13.198627755460512,12.54311638718246,12.751739311735394,13.34400540297042,12.64223467273175,12.595580487631514,12.144899038440919,11.354376453518448,10.816871913059192,10.41916096561844,10.335615290487862,10.23913346244625,9.25175926745344,8.792879572254307,9.091640957501578,9.22058313235036,8.772250123771446,8.29415941374753,7.906536373743663,7.7172899477327785,7.633805649197902,7.325879280430869,6.876738229448755,7.018926561936987,7.094907972284987,6.9666612733265865,7.297691157431346,7.470829077382781,7.291526307580974,6.750540865132503,6.539265425218175,6.38495623909857,6.174785917238172,5.929704924793357,5.399052222652352,4.863736917110979,4.692662974069294,4.6823769487789315,4.6059568129502955,4.580835961052297,4.40393151908484,4.326715401648995,4.270780813507654,3.893243993307978,3.83682376994518,3.7285617819605705,3.7380149224863914,3.666431967383747,3.4550981808807264,3.674758062050454,3.82622077339964,3.488184593183789,3.3197523388180086,3.218124771185549,2.838692239381022,2.5576502739050424,2.7406181749661993,2.795713884501155,2.8801424770254775,2.7567640851633035,2.6489744980612677,2.734684976072577,2.4459962154481545,2.138714687302883,2.2931149957283057,2.35044455895758,2.3821733939632472,2.5718380815306263,2.556825445311911,2.3965758539697113,2.1329065316571416,1.8253417452313185,1.5309211967573146,1.3327726126710098,1.1951246983629598,1.3904150607744155,1.2021934210704752,1.3434911265752782,1.448738829637423,1.4510597110017018,1.307458220233353,1.2476520666628594,1.0886904821994103,0.7798395390890686,0.8728995628477048,0.9665663706717181,1.23332435625508,1.6339760215679002,1.3963656421284043,1.297385435860753,1.0207594380768377,0.8410392069043082,0.8125080017167681,0.7338968908652895,0.7076848115771083,0.5165672425051281,0.5578170066635985,0.41229202448620406,0.31978703395465574,0.639159013519751,0.8337689584430664
4.6269603118109615,5.200717244364794,5.651907731951726,5.331137750456316,4.906730899752791,5.002661521975173,6.822920645143317,9.62534999881622,11.307984041867124,11.9635033777567,13.242555885872878,14.441912797381006,14.508318155194589,13.653955941984915,13.661678601384,13.241139564940935,12.487139471958594,11.993091446204893,11.691010796272579,12.426420704155142,12.623808300274918,12.696595118411526,13.197542283035496,13.620551786827455,14.05317184874435,14.330061068152661,14.23474062376513,14.166496676181549,13.550636710831824,12.853144163038532,12.667470805041074,12.786842369547635,13.45800323882775,14.089668327267104,14.257565483775009,14.595592885837519,15.287744552685234,15.098526633154359,15.33562566746232,15.664829894014904,15.641876165399562,15.707934909712147,15.008496843370974,14.36940268790504,13.945417981106866,13.689002705015884,13.399541839128698,12.916861493468096,13.199494352945218,13.652809206646495,13.93080457106343,13.586124848941255,13.325600664498744,13.19504960944318,12.447153609120122,11.619727521451017,10.93624928956775,10.877255189004668,10.279282278517401,9.89857096588647,9.36251344693258,9.509569853504948,9.301721366398606,9.545912524223828,9.348093860215611,8.806244251814924,8.258767756007602,7.585591994752451,7.6618032706409895,7.9029361984761275,7.9907561604998225,7.682184701261093,8.093084469086573,8.048117105300848,7.643922134347345,7.6473095307373615,7.554906815178024,7.616331348652658,7.467888864743571,7.370742154765021,6.928716805404696,6.647206738794889,6.464768945751955,6.072638259391033,5.364832164676694,4.59590457141458,4.459377482430988,4.63992458596089,4.812910915440086,4.809603956050317,4.379409889942199,4.472777669021584,3.8915992587717074,3.5225888404817085,3.448559208637932,3.466419293065604,3.2932927428269436,3.203623159747009,3.0465750090843753,3.1536752125554792,3.421932067772727,3.3630798720721016,3.2877080356900277,2.9732783616997924,2.805390551602212,2.9244634124639135,2.7866837239980433,2.630592874981679,2.364135911901204,2.2638478722866973,2.336319984864721,2.365100909787443,2.057119062017284,1.7463120091353463,1.7921345564697555,2.106023764864163,2.0632294805396,1.7433589493857027,1.5655352823440085,1.5942843510826568,1.4053904779875037,1.2626771357695,1.3061363442173752,1.4695616497292263,1.477809271572508,1.0784279124137968,1.0061186430380866,1.0951715431326614,0.869374368476455,0.8174033504814207,0.9225185519914978,1.2641402109383322,1.3766683904953554,1.2101132340843728,0.7622043633033692,0.6620316137607952,0.8758818723769431,0.8214067387618571,0.7682524072873126,0.7559196384764866,0.7573974042175361,0.6485975718617228,0.5097629460959016,0.465774986396667,0.4952870008128068,0.3409839933701535,0.4746765785383076,0.5902168065734017,0.7577138885615725,0.9602613344015577
4.595305994462119,5.318332053900606,5.3587020021426275,4.993574632714091,5.228689617866392,6.535512419331347,8.363566003825078,10.335105020054545,11.949482866989552,12.146211270349426,11.920286837327685,11.646861084950569,11.289153544844309,11.570248541579625,11.797265573377969,12.116004235426722,12.527526723176921,13.255352173170001,14.361439213718471,14.4728324287662,14.375374411523074,14.050808281400084,14.854788468128183,15.801814318899078,16.59605378322946,17.336640142700947,16.631752203919127,16.084835657864293,15.31028744203679,14.159154908078927,13.603415165082982,13.597609285733046,14.055628089247309,14.482089939805741,14.64935277451911,14.821952208782006,15.354233639365392,15.839830354598513,16.381317770089606,16.25253752327362,15.377435086219716,14.70799513062416,14.339493498290175,13.697265608014536,13.455628343141795,13.27736040674957,12.759335948187251,12.45610890438113,12.397382571309624,12.321454629715811,12.077716974396413,12.140441823343666,11.648925622934668,11.289849409377373,10.671936879626852,10.646268917750714,10.253921433367907,10.021303208486167,9.847385011567063,9.836365913752557,9.504828537930461,9.308656577805932,9.1310673707227,9.106431213008548,8.710286180787401,8.955449829666899,8.572378553777355,7.70181227751355,7.522140102267994,7.944519824630703,8.071706045701147,7.463601061440348,7.31541452932561,7.697824179558396,7.718089270057441,7.62309619238294,7.28617034498822,7.276149288214565,7.015503975692822,6.829769518291931,5.83938191317709,5.4423836979497064,5.870222341904643,5.560957594780313,5.46440013910194,5.106736256659313,4.853390616395124,4.271227383957126,4.15038691558411,4.00831932003764,3.8608311687938426,4.0250787766670655,3.856294797520241,3.648147132272044,3.6727962137168664,3.6767406505946942,3.28794481309082,3.3599761323361648,3.3352805164067925,3.145351029456249,3.168437017134402,2.945775911731849,2.7434118682771533,2.605749510335619,2.5308987079348397,2.591600294568916,2.6118610134977107,2.3938735020758686,2.4468811926799607,2.5409032060248777,2.5853623455580292,2.5449070310923427,2.1150935185317095,1.7953041686085802,2.2348849934417783,3.057211986994239,2.97632884180908,2.266346102552238,2.048825309625391,1.797256742280496,1.7461618501308214,1.6116677987911614,1.71172255548664,1.7740828827129813,1.5441212269230824,1.0849359792034161,1.036411265011289,1.1521323300454636,1.1579387296082277,0.9725460901795479,0.9208813685556924,0.8303429738609297,0.8646662761650123,0.6917481651695235,0.7461963251472488,0.763390827221869,0.9252869225600893,0.7305203236021064,0.7496383084454812,0.7043207268407866,0.6117795828014057,0.7991676973244641,0.826161410000521,0.6919441200066245,0.895169926882175,0.5556689108175381,0.6343716759054222,0.7257571506798093,0.7412379622764136,0.6311588075207152
4.97923556227059,5.153008405838689,4.777299481509984,4.16388309605511,5.001517411396394,6.790190387267261,8.770990892576787,10.612482109468221,12.043794890574935,13.140351875188854,13.61747110020633,13.348665363801109,13.450940293827832,13.655888777200843,13.839384279684982,13.885793821640968,13.916248637985834,13.879178951473222,13.86995760616351,13.989679402840599,14.115469939178498,14.845887693489015,15.69901235634646,16.922399751840032,17.97673262771783,18.533608378424265,18.83426423797567,18.68103945812501,18.288253567109347,17.601285407507223,16.372893486165882,15.402468219190064,15.242460980568111,15.502438765753046,16.09418945202338,16.747256895468634,16.712303896481558,16.57537160208597,16.789268494589894,15.99165129983546,15.478041724326806,14.729458405229373,14.128095396072743,13.957016564049297,13.503501375576299,12.884670729162481,12.111211450432066,11.946308138167144,11.564767973812108,11.232487322107524,11.337324596140018,11.058187141782158,11.488833795341373,11.252753738320955,11.031757093942677,10.759559365187823,10.15332652679747,9.921029328173118,9.673271532364868,9.74352596654876,9.638895666171697,9.546900496820726,8.710844993950687,8.508263680047563,8.494408105412424,9.024128248352415,9.299881176940751,9.359802104387898,8.670457622735853,8.470641398572234,8.364410580047595,7.9835103559492255,7.543928937227677,7.084508298322825,6.751215241554004,6.803260470041123,6.878553924755517,7.036783942984938,6.8311570311942695,6.689906728895924,6.393757023743156,5.900510468514963,5.710069574203144,5.585412874648516,5.323594901929658,5.235476186181786,4.801278149147006,3.9773804306685516,3.870750550111132,4.021589529098694,4.085651790076,3.755298282121259,3.444807368432127,3.4569879677067985,3.303230069384473,3.4169370560351795,3.3076007075087013,2.9929715261846304,3.183285122019751,2.950057522688466,2.4937614396299668,2.36182455170208,2.5301148379064573,2.622250341796354,2.6839064549148874,3.012736868926518,3.073875703994162,3.0859281087784125,3.2066161779448,2.491809339033328,1.8713987458706094,1.675496052623298,1.6980562044317091,2.005873977208382,2.2747165659866684,2.298258861125539,1.7139472238060351,1.50563333293161,1.4266799670130625,1.3354853895024559,1.3580596751057292,1.3669893110471363,1.5607336185459144,1.5688956033999382,1.3030692186622772,0.8679270251843495,0.9041201524369372,1.1488896718829833,1.3628307281302652,1.4726147560572607,1.3673705993201537,1.4186136071795197,1.36267730404953,1.0819183601436246,1.2742863062150929,1.1564010678049832,1.039981028751777,0.7413752984162466,0.6601467223058373,0.7716246562646514,0.699341258658763,0.48042904608594694,0.5189115710293978,0.4991609012626943,0.4490189032570112,0.914611611530997,1.0802844711499417,0.9879977562842934,0.8030992543445986,0.6757211198120946
4.816289282529488,5.697015528248183,5.862059961628338,5.613583936416307,6.99844527904301,9.748595943973852,13.062622223972982,15.947278015267036,17.87667057020802,18.38628320279397,18.148206830356415,17.836022337191128,17.46158105237718,17.118147012916417,16.381944050235816,16.299980339133683,16.520739532429253,17.069800401635945,17.030837465096,17.024592739862562,17.64026116752162,18.212968574015104,18.50331184323091,18.96178287123458,19.165888847879014,19.30296787298456,19.73399192067691,19.235733283041387,18.730665113347133,18.34834439099582,17.747725702378553,16.82706432754703,16.20750749080487,16.29008737113536,17.12601795509163,18.036800695853803,18.522854481812914,18.741419230548527,19.181154126982435,18.372744459317342,17.462724797724402,16.835136887655178,15.544351433749734,14.863493847780928,14.133536207309316,13.547146412198535,12.469178303758992,11.736031170115599,11.275286123015816,10.67786434710394,10.42777521407803,10.815293393656914,10.426321174120918,10.053742844890191,10.138227853170623,10.119842671685106,9.75400796844663,9.231241091938376,9.477742312998409,9.547004939410495,9.359978244869168,9.370535522994349,9.021746882713318,8.801001860456198,8.491906968457068,8.320449866093066,8.42107585166174,8.460921514768298,7.638190914771358,7.583804542808386,7.695314816668244,7.980460283800037,7.876864654468179,7.9086569801395195,7.511340116232819,7.241940555028913,6.726172512298979,6.463879978219596,6.974681145514299,7.026398301930955,6.56418524177514,5.90573237306644,5.156999005669752,5.324289979277159,4.968349353293999,5.040044933794645,5.11202847370579,4.841038699449645,4.416896755281738,3.832469619141885,3.672897782682353,3.862417261182278,3.6854528012714916,3.697304394190324,3.260627272552773,3.1719021577591806,3.1843684194859048,3.152053521075355,3.5070800191316915,3.4584751790895965,3.0767986640049134,2.7729575547274234,2.9088313282559524,2.6500010482701026,2.636674499824131,2.6314991076670515,2.2679414253373693,2.687197671506398,2.970332435630848,2.5487013960977625,2.285529420394157,2.3689019277372942,2.3566181572509937,2.463008716832526,2.26432073314636,2.0035410798844966,1.8573974994902258,2.357597679479952,2.2186729925731963,1.771831674166348,1.6650390186259192,1.560608943713412,1.3293064892963955,1.309006283808853,1.1858237822244566,0.9885625005180319,0.9840877924328079,1.022008409981527,1.084859579463594,1.076809940494081,0.8535596343643401,0.9711980055651687,1.2664465918391865,1.2263888567722507,0.7815353551343216,0.8613957290510761,0.938349127761456,0.9115461655261616,0.8686996597563653,0.6396937812497304,0.49080373872388466,0.548062649962071,0.46415660333883085,0.7036459682112437,0.8770039420476397,0.6522237700680505,0.40854416127291704,0.31345188537443613,0.45602379397799725,0.5256460836301315
3.649206766730052,3.9979320292603546,4.081212918824251,4.064378416251547,5.36736735990276,8.03696042329827,11.163256236246124,14.481898865312118,17.184222362055166,18.68716412004235,18.734246618212296,18.48670555673411,18.356347344155523,18.511510927376914,19.09504615099425,19.336821205455507,20.172034516947488,20.667542510458183,20.725803375728518,20.996090697017046,21.02741483496838,20.47606732520566,20.08125323719903,19.825230133939428,19.24016360236988,18.93998862967448,18.78046343542508,17.60514887104362,16.185761738979757,15.608960402220298,15.071528582813484,14.981980895068421,14.963946145146474,15.203327023362245,16.17917713168948,17.197319697691427,18.135515015344307,18.597391355973112,18.608284295252425,18.365211617804686,17.15189509454526,15.708190953374725,13.917367089472313,12.729487416470757,12.26570682652392,11.611290051193581,10.432370684729202,9.32146532455391,9.21958724267276,9.578832362115158,10.031282397422585,10.4272338585321,10.134618770717628,9.634732230429467,9.728248350156349,10.012917050769014,10.0096992332399,9.581977118172796,9.563703653072661,9.072944744363483,8.445976766067433,8.61852797351134,8.974322598298887,8.77033536527906,8.491547215155988,8.042446924253118,8.25516045017648,8.404664023057341,8.160522905764639,7.625087611973978,7.499027948141119,7.174285704882494,7.33384105926661,7.687486658501507,7.466746098347675,7.33358007428177,6.981057337733976,6.621818970533231,7.1025043071232306,7.068808278714071,6.574114708076015,6.194057164059652,5.508195603096625,5.194639317581732,5.138537695165266,5.105913593605096,4.800382573762494,4.464633486722658,3.9369402680426213,3.8427136822537977,3.2416863914473177,3.4401546551120314,3.757248552678749,3.9476954164296405,3.6847822669411783,3.155051167655298,2.9098535530853877,2.9624977484061583,2.9443674164644196,3.1893988062599132,2.857304353878469,2.3631443959017586,2.3887691277115866,2.4423095259203933,2.4108994295910557,2.355604300597738,2.8816141156414927,3.5574709554488626,2.854488243926139,2.9258923455448196,2.902739307347106,2.4917549514575104,2.390375839858538,2.678397250022567,2.2413122769940843,1.746817412918913,1.5879996310102382,1.6085999164798879,1.4647037477842733,1.6544836660111424,1.6085036188623822,1.4291740655052876,1.1068286881438567,0.8213669596066643,1.0203855018110408,0.9158614373423876,0.8594084847162192,0.7097190747679922,0.7806026403492726,0.804222357699007,0.8381480657416316,0.8999864000540359,0.8740773078699506,0.7122738258331268,0.6666525635613971,0.7245689088257407,0.7213988813496774,0.6497764915191307,0.5111960538077694,0.6659094701036129,0.9401060923398037,0.7339224337831851,0.49606272004557983,0.5495891273356259,0.5737709713726304,0.5231190904911763,0.5286009976072802,0.2557946995511085,0.28928798082513923,0.3236468931689616
3.448812483091996,3.434916963568087,3.523058136544923,3.8136586099627925,4.184929249373077,5.574116147548485,7.856417704697647,11.146261544712251,14.934331913191068,18.185283159758583,19.756918986929893,20.118096383693718,19.977404547078695,19.39515517784273,19.69680880568216,19.919330581798896,20.057679963376497,19.985472105559374,19.74098755461015,19.62054788772848,19.659841554371603,19.102995340740502,19.437493866909865,19.889668797732014,20.236509139933826,19.912536163144072,18.234704515170087,16.585839076800266,14.963551412472354,13.721363646037448,12.575776300076997,12.313545296369615,12.651236035986555,13.442386317126642,14.136295263647964,15.563859964021376,16.97761341926269,17.509325264403092,17.550174794222137,18.032198232300495,16.99664242412753,15.049497920863423,13.227100849269132,11.75921830111231,11.240455929563026,10.8558583991673,10.934473455245456,10.540845869504487,9.553381467310999,9.194523427529754,9.982979548142835,9.896130220825501,9.608881540960764,9.555452994614555,9.686976558798806,9.54113452172983,9.665501324504037,10.01424355326705,9.650967882966222,9.18261352580806,9.003916364583617,9.15827978265394,9.00801368966482,8.742306881673265,8.463740403302772,8.557073255987635,8.115995841880732,8.454304547997928,8.806170660056342,8.343494006174106,7.729882169777873,7.917746035928331,7.981146004110443,7.742041403633031,7.619130841901283,7.629613389479592,7.46382104626288,6.970340527321475,6.6019575957407755,6.818660264010017,6.596370641486851,6.456428292417061,5.999983295577969,5.215937309100535,5.09545782552491,4.627494053309882,4.210799699943517,4.456354273334622,4.250856650336421,4.2570409760635455,3.718975113296304,3.6758749671004827,3.968032467643169,3.6897438088477967,3.4235317537006527,3.7124785227648425,3.4886865918094947,3.3968637685660323,3.2327095593859956,3.368227742368477,3.500577864714976,2.951524366072899,2.482556822605211,2.145351100263256,1.9561245567873238,2.3310001933509854,2.5029309092922554,2.134824711973106,2.005746183395976,1.838516221870107,2.053569825562468,2.0810629007923422,1.8770027330935788,1.6974203199457163,1.8770904443269762,2.136520177445655,2.0020786813099725,1.820095975231585,1.530282313259101,1.2318409155294028,1.5546377875422146,1.5106691830081473,1.611606165234353,1.5124347604270254,1.512929305599362,1.163342650788407,0.9423097450233108,0.8897588623424625,0.8260625418042271,1.04689194895935,0.9539518070526541,0.9223150787523859,0.9664242286918602,0.9610505148791554,1.117750927093277,1.0439633896830496,1.0544570663105537,1.0285028834200256,0.8868534161427183,1.0591676739643914,0.9470764914739609,0.7742732586035996,0.6143536297717188,0.5194899922154286,0.598095657498702,0.6624081952199586,0.8897924255317484,0.8006296941022563,0.6706457483191663,0.7028148249149252
3.982111749162588,3.8571052943077904,3.93758045516313,3.87004218462086,4.167594962639975,4.996254646703744,6.474089028890654,8.427157493578207,10.882662592412041,14.112055875020474,16.808187079174292,18.992653299831215,19.996944887481263,20.624099967270332,20.165643636582917,19.795831113303088,19.68767370296835,19.63820468657617,20.136400030564083,19.512891384175468,18.317608073234553,17.130523165469874,15.95860041033566,15.504719710294266,16.539345309276097,17.29753579384581,16.653335401548333,15.920482958607261,15.118234618362765,13.78780341334304,13.183096790562283,13.498858831472502,13.95691892618198,14.92071917267153,15.38942503590882,15.840953038736743,16.396686296791167,16.42984849647267,15.942184488976762,16.098731704890348,16.094593573549872,15.267628964252316,14.063724978665626,12.429845310815354,11.655234246535485,11.770061670830032,11.626659729394632,11.59131737590768,10.558573203877067,10.20864752925625,10.601310042113793,10.494148140081755,10.493817506849583,10.615673170853476,10.457706061720726,10.426257491241175,10.283526022802489,10.329561945724313,9.747538660452552,9.536084256589971,9.157194491209555,8.92228534956565,8.522545933363771,8.396601503361612,8.537227237339275,8.123290010254138,8.09063800071385,7.606400655173991,7.655296535973532,7.67865789802081,7.562233760320594,7.411890218824335,7.204650978977749,7.068170907137772,7.001404399231396,7.251995487949791,6.89659715731885,6.928550339944172,6.4040631671031445,5.924253240972348,5.7881179249632595,5.788786102866671,5.284996979168673,5.179869322532273,4.697961850108675,4.207671440434114,3.7609804030002083,3.860779208164547,4.19756667442058,4.128704910688098,4.149189103552858,3.609849600157883,3.4743807597784695,3.4785184947298973,3.508951192332028,3.5721437778987504,3.6673208894049045,3.331902357862511,3.326234094025541,3.1397129900789666,3.236193613854237,3.1627941631155587,2.520114817828444,2.1667456107106284,2.2926927792942235,2.3872171164760916,2.248398706359981,1.8625164642428291,1.8084158622918867,1.51958196096142,1.791959364514909,2.04731002846279,1.9106466813697318,1.6154576962445646,1.7615047787636287,2.0515245299920823,2.265783485872485,2.521921078330269,2.5826799170439942,2.2866642402702024,1.7088264313878037,1.2764654152845276,1.2891458921177663,1.2354211305703025,1.1178585367349825,1.1789938705065544,1.181189584459175,0.8507383284572128,0.8503489134836874,0.919823259838063,0.7389454466807784,0.6595725525353984,0.6132419974819651,0.563107369136375,0.5676370308165981,0.642949672620437,0.8051207483814609,0.8645166418569908,0.6825320138486267,0.6632779186903331,0.62966366396844,0.6826932241758421,0.5497191068799429,0.5847804416623139,0.5955915688285632,0.34300575670149375,0.4179655273066721,0.40982452961274757,0.21199905038716305,0.3964478525631173
4.322558998922323,4.356781642526957,4.234617515266084,4.364397288831588,4.513313993220107,5.05491122584655,6.127473053936537,7.982153293656271,9.55230198961298,10.900524519411142,12.947141384801794,14.435805175903571,15.779938747149126,17.27867344106819,17.838985271308484,17.849479466320755,17.670067169770135,18.594855629960865,19.644083214662693,19.083151790152325,17.246506286935208,15.47684312387997,14.226378748061634,13.606075177012865,14.17070756988053,14.937121580707174,14.470351788040238,14.044526478116042,13.859676127473678,12.986112745040693,13.245371953169444,13.997673326733256,14.493990938711558,15.5614606903485,16.37403907666338,16.122378697596076,15.703931585506284,15.76518596596512,15.446098688783255,14.95777755286446,15.176232950222365,15.45670136109296,14.844487470842806,13.523343253327985,12.367691710441417,11.499570893455937,11.07540691001275,11.085379051919848,11.477340970553824,11.937774833995082,11.424265582797783,10.779232829313308,10.527668609273874,10.240987683484173,10.044191442827634,10.136109611296696,9.663433662075617,9.741802787519864,9.735497924892476,9.815561511508815,9.09671448489721,8.736357122704451,8.361930405122452,8.066173649551324,8.32503633114733,8.097279902730781,7.8796342473206655,7.524043151579438,7.451414427203988,7.57573687864445,7.392407949772264,6.976154844222702,6.917608769726838,7.657312872589129,7.567890345617756,7.336611843420556,7.155970604459934,6.861106083446804,6.510943968924183,5.950823038143174,5.6599386895915575,5.364049049683412,5.530310448334267,5.8337135774484565,5.200476797374912,4.369811069421222,3.642234095335834,3.6647865355059586,4.358599789231664,4.317678298083971,4.481031738231869,4.445566820088526,3.6889970900284754,2.9974857361475946,2.663279865581147,2.971991284377152,3.479117453257377,3.4170162135875164,3.3169831888183205,3.3836482814887607,3.435228323038445,3.448196158548987,3.0686682946330883,2.5285288426534667,2.570426469768621,2.707794030649052,2.7095231024630975,2.3936852117802982,2.2330726980408926,1.907464200202229,2.233861874359191,2.0859122854020637,1.5532542964233746,1.3065484592060412,1.4356031249126033,1.795687991353157,2.297222406560366,2.465221903838995,2.5409826254711394,2.4977464047909046,1.873125950139554,1.4925177956579272,1.0101314487723743,1.0942534987137726,0.8739917416853005,0.9237005498111808,0.8687367688230059,0.7365886444611627,0.6821049113362808,0.6604252214413028,0.7488392141555319,0.6981583100969939,0.5505933505321263,0.5186574430298171,0.5119219076571729,0.5154031092034547,0.5213538390285037,0.4614321951876519,0.5110888960601573,0.4172250987816132,0.38826807303556987,0.6590838472231164,0.6507733793551478,0.7946748513160135,0.4980235477977807,0.5510730531619084,0.5460682694352254,0.5538515007157452,0.6378970378313906,0.7463218136637954
3.286809190475631,3.3857448121559073,3.4387174099975644,3.34259105812612,3.3276869245104432,3.8912943576709424,5.486076062670838,7.160041776728,9.162167141800893,10.777669523827853,11.229047182892447,12.687207650626995,14.856497508348053,15.870475672684773,16.036223994416904,15.498270882762204,15.456201575163023,16.770103951889475,16.96352231791702,17.069900346031876,16.778251166849685,15.716158948349397,15.541053709384292,15.505913410979321,14.77018711195332,14.145577969844439,13.717216923489914,13.386982705203119,13.97527438254039,13.506645152803125,14.566691401006427,15.920886625344583,16.591713765775356,16.81923710705523,17.328859538681368,16.741672908404038,16.20676174625357,16.12639381013057,15.980565584657068,14.932942840124404,13.916917933902376,14.0651157202071,14.249609912190875,13.549388649538615,12.6123881301766,12.099510517601477,11.411192126399095,10.952166782828572,11.872835941793829,12.36755637127077,11.782026202933109,10.853566147726124,10.731678774400974,10.539662476138014,10.20651251259624,10.258003173304955,9.402159165771582,9.30749995664345,9.402415216269516,9.245167228822934,8.571560350293037,8.626095793904957,8.627806412207566,8.02357299171179,8.123632541409279,8.179533646166806,8.022376363354125,7.5766498496855625,7.508192266936357,7.4756339265890075,7.254295251198351,6.55474344404352,5.991011958883371,6.541501087255828,6.943047835538657,6.657827773156711,6.220757519465588,6.29765487591722,6.301507179818874,5.866446965806028,5.691755190309171,5.706807411058803,5.8395502307782134,5.543953245760814,4.52104344103075,3.833569942195846,3.7985072760413856,3.800612958109898,3.9377814618210385,3.8379921383807227,4.161447849429857,4.490233773011892,4.211404467961484,3.4702329968412613,3.41188220645256,3.806314305049431,3.496920898638001,2.9123360407230328,2.3672069529045374,2.5264610220185992,2.6404429357640713,3.1680519509823957,3.5315505082418923,3.2920909086635612,3.312082998557886,3.353617913391395,3.130040450160955,3.119943068907379,2.313174945664843,1.6454122636102693,1.5615216447717064,1.5351231914420147,1.4861752928787257,1.4900960892715218,1.5127768843139109,1.5150656133934792,1.4578693549150756,1.8132934521580395,2.1790545398861685,2.570026210607181,2.6208761632283064,2.226847871858627,1.6002155534912965,1.3015863419537488,1.2393967093227238,1.1271896140439168,0.6729316024170676,0.49724106013732544,0.7954903824774893,0.5613848461437573,0.6694014372464877,0.8700403022926684,0.7278042884685153,0.6625172704217859,0.601653206463565,0.6079227330001056,0.6711304809695521,0.6875692151299274,0.6424175902068819,0.5712339549871981,0.6358954097804492,0.4949463370510619,0.5262626576282672,0.3866081335557915,0.4286423961978138,0.8169698044618909,0.6909719078415979,0.3577561250777086,0.2179471413922448,0.2718247538589391
3.5142380639441595,3.749606598617679,4.0196727280571665,4.137278480213415,4.168807554009903,4.607983812805548,5.972778219913718,8.241183648010075,10.228595810457165,11.725566353661321,12.564389978610293,13.726724022384241,15.478850263688571,16.783634592852792,16.723598070298348,15.892269913871266,15.431607738443523,15.229511982419424,15.20439852660452,14.999864126212746,15.179448668556592,14.717522519476354,14.734477199414703,14.924597510305022,15.408479657847916,15.703464950447504,15.704932094567631,14.576447998245856,14.578803363942034,15.195406532960543,15.814745918898245,16.255954795875176,16.785556463013062,17.034303545977995,17.880928860811373,18.4172515116645,18.19402346813649,17.65061690314853,17.035543146590825,15.968751025632752,15.156245013515141,13.998773800197174,13.482483629030597,13.63508594756491,13.121306417787,12.693236111713254,12.347719062329551,11.990936613320661,11.484829708840577,11.637003001389683,12.098883895283915,12.596107047728234,12.561549601958111,12.071590481084359,11.397432155742871,10.717117496838014,9.951431228755867,9.524793253490556,8.930730446090035,8.491649057299194,8.523469695418177,8.566444062687935,9.023866174865153,8.768610714431446,8.381729335424971,8.134627827687192,7.840118635308312,7.491484838671429,7.664378413451634,7.769877167838472,6.992528631798754,6.5868440135234945,6.327183048329311,6.340005279927078,6.64994540133712,6.9247216132588605,6.753312134746801,6.64327515150095,6.634198549410252,7.038035892180336,6.637888272350408,6.259468350329877,6.1819811749329086,6.155554247567261,5.376934741974526,4.681829195638318,4.1480441695380526,4.005513303032398,4.462284394320017,4.772105012262944,4.253718047107276,4.19181414696193,4.398995626824176,3.7607403216249486,3.6912806248068835,4.135957003521208,3.5916305825441617,3.1657099758492175,2.5713981853501786,2.364846762170924,2.5705092796050644,2.793563968819283,3.043563217440651,2.884536392620804,2.918012358605768,3.053610396993812,2.9670756000334606,2.7701891470573363,2.429045399762387,1.9923812075177951,1.6584709155892665,1.6454652444066407,1.649188737097217,1.4359796030992893,1.5003846595899037,1.5139184665034495,1.3297088262315457,1.4761522364331627,1.2074303719888355,1.225404648626826,2.2041651528302673,2.5524722060500142,2.254971907438714,1.2998867035238435,1.0267038321187012,1.0806814285972264,0.86536040578398,0.9653237455071998,0.997904699706805,0.7596164571621431,0.8507352027688202,0.8542174595100082,0.7543463498295729,0.9067258260964387,0.8928444182549516,0.8719664099424357,0.7447460835484631,0.655768150794315,0.6851931560688658,0.4607022310235341,0.5822381711345257,0.6759647811250824,0.7768596717827636,0.6698164022299945,0.4670557833625253,0.5487843112334845,0.5766867434019891,0.4264744834869467,0.34533600292804145,0.1935871888424535
3.1487158998315166,3.0955193684158044,3.2460760922850995,3.2562651977208454,3.2873173913682208,3.8171330102230816,5.290365094547329,7.128216106014333,8.749870166915455,10.076131742857186,11.57356268814557,12.280524415642141,12.910269726138592,14.429892019765822,15.107542731874924,15.365439785650544,15.597625006439465,15.601812645880768,15.391203196637978,15.054405066002252,14.339211643772588,14.447933562037003,14.939293466868993,15.093488083117753,15.274455012457949,16.15011849150807,16.757738815990727,16.423253020915123,16.43104398462022,17.065092110174753,17.42218264451512,18.50301237868462,19.100094711765237,19.138979106833933,18.99705075518311,19.241219908319433,18.87659641799701,18.257069969183675,17.914548269841287,16.85735883181575,15.695342150158195,14.687137910676876,13.965004661672092,13.669105540365724,12.751843208861798,12.215135692338773,12.488556296243214,12.944332871707664,12.325833929648375,11.879731207562077,12.143214333272278,12.485682407460212,12.272234779400113,12.119060463848225,11.634102110732373,10.932185226172763,10.664724639087924,9.930735311028252,9.356847678746254,9.364850448779912,9.183240175600607,8.598461547001337,8.695886081560399,9.167811621343532,9.125270546059983,8.620949155727214,7.680252104306807,6.9435567505279865,6.816460192645432,6.607776446452279,5.780643155141845,5.580894979233606,5.632727089792279,5.863343286796967,5.8330887483769125,6.24063973468761,6.264562398442141,6.30868407208936,6.03981623810012,5.912638240269579,5.558012066840216,5.396933387881167,5.133105261723993,4.660313042401492,5.070307716805129,4.838729416395837,4.278540690124451,4.099723710767802,4.0848561909167005,4.2725131663457,3.8930855911792817,3.2349124540964205,3.2266313227269237,3.3331431386629715,3.1322230160415945,3.085295277405096,3.0973668868760704,3.3650333056456856,3.3384598852645344,2.7161630763888214,2.3257965784399786,2.0666054811638297,2.4628734713541247,2.448768161172175,2.1061097378968148,2.0786601745989413,1.9290997546803927,1.8767641379583986,1.867041439177779,1.4931358177196756,1.513773897628395,1.3867927588723468,1.332547285404077,1.3481626814670875,2.0215770828592645,2.3878573444533826,2.410434832458267,2.0771306439628687,1.6862937790280998,1.600393757730472,1.1128510114047772,1.4116309551429618,1.4503816218339265,1.1993773058372255,1.1668152455523098,1.185201203476099,0.8992018190453268,0.8454527151591105,0.8173760326238844,0.7219474611948089,0.6929860789773772,0.6956623629067838,0.8341744526388161,0.8498472007376326,0.6575223863394837,0.6507671738897126,0.776957787169937,0.914391863165826,0.8199849954851761,0.6060948422822909,0.566149724971761,0.4512597057569091,0.4683557650056653,0.511873271483588,0.5374937838895066,0.48871374055630773,0.5673550405291028,0.4449829482377411,0.4223409552117014,0.5111814735690428
3.593487607957029,3.928910095547331,4.021398999014228,3.9892307546670835,3.80681862273304,4.269976856908465,5.837258411472992,7.903623870446108,9.808225053384783,10.621706065145366,11.412225423622182,11.390351888671669,11.410077485024186,12.106497813898187,13.27431177316842,14.401413509914168,15.07357123681951,15.037063227404317,14.776512841593116,14.143113750134896,13.161501008105308,13.296785399170084,13.88727346240059,14.286509371250418,14.62132015378818,15.378425021359337,15.918026856714754,17.074559150648668,17.55284746393419,17.82366974800691,18.18772638677471,18.340463801485072,18.918463314427832,19.671128953808882,19.457978065490465,18.760875507100526,17.735441397212536,17.119229622136114,16.754914067420657,15.828819959595842,14.464716146587238,13.613297895959333,13.276072212641097,13.063556078020465,12.293176654075394,11.81784614720714,12.080231397039404,12.647022928385088,12.802878651207369,12.751383994655225,12.339490756816943,12.06144358789292,12.36310105117652,12.842973888240603,13.207410543446764,12.766575907318883,11.821845360240884,11.155696299176764,10.14738605977803,9.849915763029642,9.063270699805933,8.527147932313023,8.270007205288401,8.543008955756765,8.97288805754574,8.850686462880097,8.563123859897452,8.358496402784072,7.468434749213389,6.977756669069936,6.197576752620561,5.689255470163092,6.155064798448154,6.559088637854579,6.112485515760242,5.735665809793827,5.3296053419513685,4.818511602216219,4.768614393831118,5.0679907072051815,4.825735451312952,5.016754816195108,4.825228892610756,4.515492661538039,4.800780603951478,4.9155859980695125,4.5249374546159356,3.7839496951630616,3.7207913817208547,3.891958628176446,3.694972922796574,3.7621634703211275,3.1314895625494565,3.416330742385678,3.2065855019298075,2.661462497499184,2.740758001119943,2.5661264118850973,2.856432413331833,2.7718135615982735,2.3390510847748196,2.0612667455118627,2.1626874330737813,2.514725958322344,2.2195214482193935,2.190734477580401,1.9355608403962623,1.7502644822298339,1.7268838647278326,1.5324578905689281,1.605737323617012,1.6151473534762208,1.5778279789114613,1.3683999570270144,1.448589744629709,1.330001847954274,1.4601872310197903,1.3806420440536966,1.2872735611152235,1.4911761779639199,1.1706958929854896,1.3033074127994488,1.9478456163455171,1.7054784021020255,1.2350077203345842,0.9992959406593309,0.9551215440496453,1.1177607385275095,1.142299804865669,1.090396751826372,1.0069675075637579,0.7540907758451856,0.8166462349464209,0.8374165912656363,0.8756237684872951,0.7278540737077325,0.499187751123093,0.4259973095796161,0.5848566760102402,0.6382309754110903,0.5752898946052178,0.5677781735128362,0.6595084708355723,0.5748881908076786,0.46650155905562984,0.5721590023067555,0.6035283012101634,0.5969763194044245,0.6117498858422735,0.47609237046994207
